Country,City,Latitude,Longitude,Date,Max Temperature,Min Temperature,Wind Speed,Humidity,Cloudiness
GB,aberdeen,57.1437,-2.0981,1639872819,3.27,0.67,1.03,100,90
US,albany,42.6001,-73.9662,1639872857,2.6,-1.83,0.89,92,100
ID,padang,-0.9492,100.3543,1639872751,24.03,24.03,2.3,91,100
RU,igarka,67.4667,86.5833,1639872857,-38.6,-38.6,2.02,98,36
RU,ossora,59.2353,163.0719,1639872858,-19.14,-19.14,3.88,81,34
US,college,64.8569,-147.8028,1639872858,-11.03,-13.39,1.54,82,90
US,hilo,19.7297,-155.09,1639872858,26.82,24.11,2.06,59,90
CL,ancud,-41.8697,-73.8203,1639872859,16.74,16.74,2.99,85,65
MU,mahebourg,-20.4081,57.7,1639872859,23.47,23.47,0.76,77,51
BR,jardim de piranhas,-6.3786,-37.3519,1639872859,29.28,29.28,7.92,50,90
TO,vaini,-21.2,-175.2,1639872859,31.09,31.09,5.14,84,20
BW,sehithwa,-20.4667,22.7167,1639872860,18.67,18.67,4.14,79,62
ZA,port alfred,-33.5906,26.891,1639872860,18.21,18.21,10.17,77,21
ID,biak,-0.9131,122.8766,1639872860,27.58,27.58,0.26,72,91
RU,tiksi,71.6872,128.8694,1639872861,-30.51,-30.51,2.34,100,100
US,kapaa,22.0752,-159.319,1639872861,27.99,24.71,0.45,71,40
US,avera,33.194,-82.5271,1639872861,18.93,16.33,4.08,90,99
NZ,bluff,-46.6,168.3333,1639872861,24.33,24.33,6.8,62,89
FI,kajaani,64.2273,27.7285,1639872862,-1.97,-1.97,3.6,93,90
AR,ushuaia,-54.8,-68.3,1639872862,14.81,14.81,11.32,58,20
CA,thompson,55.7435,-97.8558,1639872863,-28.26,-28.26,1.23,100,69
AU,busselton,-33.65,115.3333,1639872863,17.8,17.8,0.85,59,2
IN,along,28.1667,94.7667,1639872863,8.02,8.02,0.73,55,0
RU,vanavara,60.34,102.2797,1639872863,-39.11,-39.11,1.86,98,32
RU,dudinka,69.4058,86.1778,1639872864,-40.84,-40.84,0.38,100,52
LK,hambantota,6.1241,81.1185,1639872864,24.63,24.63,6.37,87,88
SB,buala,-8.145,159.5921,1639872864,27.73,27.73,3.39,82,96
PF,atuona,-9.8,-139.0333,1639872864,25.67,25.67,5.3,72,18
PT,ribeira grande,38.5167,-28.7,1639872864,15.59,15.59,13.62,77,100
CN,botou,38.0667,116.5667,1639872780,-1.59,-1.59,3.34,52,0
MX,cabo san lucas,22.8909,-109.9124,1639872837,24.17,22.88,2.57,73,20
US,russell,32.3502,-85.1999,1639872866,18.87,17.81,0.0,93,75
ZA,bredasdorp,-34.5322,20.0403,1639872866,17.38,17.38,5.15,91,74
MR,adrar,20.5022,-10.0711,1639872866,23.07,23.07,6.76,45,98
MY,georgetown,5.4112,100.3354,1639872652,24.97,24.38,0.0,91,40
CK,avarua,-21.2078,-159.775,1639872867,28.03,28.03,6.17,65,75
PE,paita,-5.0892,-81.1144,1639872867,20.31,20.31,6.75,80,73
NZ,mataura,-46.1927,168.8643,1639872867,24.15,24.15,5.88,42,86
GA,gamba,-2.65,10.0,1639872868,24.82,24.82,1.09,89,88
CA,torbay,47.6666,-52.7314,1639872868,-0.69,-1.4,9.39,76,100
ZA,kruisfontein,-34.0033,24.7314,1639872868,14.38,14.38,2.62,88,69
CL,punta arenas,-53.15,-70.9167,1639872868,16.06,15.62,10.8,51,20
ZA,port elizabeth,-33.918,25.5701,1639872869,15.61,15.61,5.83,82,54
NC,vao,-22.6667,167.4833,1639872869,24.81,24.81,10.31,82,50
NZ,waipawa,-41.4122,175.5153,1639872869,19.35,17.94,0.98,49,45
GL,upernavik,72.7868,-56.1549,1639872869,-9.08,-9.08,1.77,68,75
NE,bilma,18.6853,12.9164,1639872870,14.7,14.7,5.17,24,19
CA,yellowknife,62.456,-114.3525,1639872832,-22.66,-22.66,1.63,97,100
MU,bambous virieux,-20.3428,57.7575,1639872871,23.45,23.45,0.55,77,52
IR,borujerd,33.8973,48.7516,1639872871,4.27,4.27,1.87,92,82
AU,carnarvon,-24.8667,113.6333,1639872871,24.04,24.04,8.75,50,0
MX,pochutla,15.7432,-96.4661,1639872871,27.68,26.47,2.47,71,2
GF,mana,5.6592,-53.7767,1639872872,25.31,25.31,3.14,89,59
ZA,saldanha,-33.0117,17.9442,1639872872,16.64,16.64,5.83,94,27
RU,usinsk,65.9939,57.5281,1639872872,-29.73,-29.73,3.55,94,21
GL,qasigiannguit,68.8193,-51.1922,1639872872,4.14,4.14,8.72,51,100
RU,chernyshevskiy,63.0128,112.4714,1639872872,-38.46,-38.46,1.38,100,98
US,elko,41.0002,-115.5012,1639872873,-7.37,-9.32,0.89,74,93
US,jamestown,42.097,-79.2353,1639872873,4.49,-0.27,1.79,98,90
US,huron,41.1501,-82.5499,1639872873,2.69,0.46,5.94,94,100
RU,blagoyevo,63.3667,47.9167,1639872873,-17.42,-17.42,2.23,97,99
NA,oranjemund,-28.55,16.4333,1639872874,16.5,16.5,2.01,79,0
SA,sakakah,29.9697,40.2064,1639872874,10.22,10.22,1.61,55,0
US,saint anthony,45.0205,-93.218,1639872874,-8.22,-12.88,0.45,78,1
NO,havoysund,70.9963,24.6622,1639872874,1.49,1.49,3.96,86,99
EC,puerto ayora,-0.7393,-90.3518,1639872875,21.42,21.42,0.45,92,90
US,council bluffs,41.2619,-95.8608,1639872875,-4.21,-6.93,4.12,72,90
PF,rikitea,-23.1203,-134.9692,1639872875,25.55,25.55,5.34,74,90
JP,hasaki,35.7333,140.8333,1639872809,2.94,2.22,2.2,39,69
AR,mar del plata,-38.0023,-57.5575,1639872875,21.72,19.93,1.34,91,34
TO,pangai,-19.8,-174.35,1639872876,30.06,30.06,5.66,70,20
RU,saskylakh,71.9167,114.0833,1639872876,-28.79,-28.79,2.25,99,99
PT,ponta do sol,32.6667,-17.1,1639872876,19.45,18.4,7.04,82,56
CZ,domazlice,49.4405,12.9298,1639872877,3.61,-0.62,2.82,94,93
KM,mitsamiouli,-11.3847,43.2844,1639872877,26.34,26.34,2.39,77,49
AU,katherine,-14.4667,132.2667,1639872878,29.18,29.18,2.06,74,58
MZ,mocuba,-16.8392,36.9856,1639872878,20.89,20.89,2.41,90,59
NZ,kaitangata,-46.2817,169.8464,1639872878,25.52,25.52,4.77,33,90
SZ,lavumisa,-27.31,31.892,1639872878,17.01,17.01,0.46,78,100
FR,morlaix,48.5833,-4.0,1639872878,8.03,5.04,5.14,100,2
PF,faanui,-16.4833,-151.75,1639872879,26.56,26.56,4.03,74,19
US,kodiak,57.79,-152.4072,1639872879,0.47,0.47,5.49,75,26
US,barrow,71.2906,-156.7887,1639872879,-20.99,-20.99,4.12,77,90
PT,colares,38.7992,-9.4469,1639872879,12.72,10.25,0.45,62,71
US,fairbanks,64.8378,-147.7164,1639872700,-11.02,-13.38,1.54,82,90
ES,los llanos de aridane,28.6585,-17.9182,1639872880,16.86,16.74,1.79,96,40
CA,aklavik,68.2191,-135.0107,1639872880,-24.65,-24.65,1.4,99,99
US,sitka,57.0531,-135.33,1639872881,0.94,0.94,2.57,69,20
KI,butaritari,3.0707,172.7902,1639872881,27.84,27.84,7.56,80,71
RU,batagay-alyta,67.8006,130.4114,1639872881,-30.75,-30.75,0.4,99,100
DM,pointe michel,15.25,-61.3833,1639872881,26.12,26.12,8.41,74,57
GE,kvareli,41.9524,45.8151,1639872882,8.61,8.61,1.38,66,99
TL,airai,-8.9266,125.4092,1639872882,21.04,21.04,0.45,68,94
JP,hirara,24.8,125.2833,1639872837,17.86,17.86,8.95,62,100
US,morro bay,35.3658,-120.8499,1639872883,16.39,11.77,0.89,68,1
RU,nikolskoye,59.7035,30.7861,1639872883,1.68,-0.12,4.81,96,100
BR,muana,-1.5283,-49.2167,1639872884,24.94,24.94,2.59,91,99
AO,benguela,-12.5763,13.4055,1639872884,24.23,24.23,0.82,83,100
ES,utiel,39.5667,-1.2,1639872884,8.14,6.28,1.75,81,89
BR,arraial do cabo,-22.9661,-42.0278,1639872885,23.34,23.34,5.63,79,23
AU,hobart,-42.8794,147.3294,1639872805,25.57,21.17,2.24,30,0
US,fortuna,40.5982,-124.1573,1639872885,11.06,9.15,0.0,80,90
NO,sorland,67.667,12.6934,1639872885,5.14,5.14,15.74,74,100
AU,port lincoln,-34.7333,135.8667,1639872885,17.92,17.92,10.47,61,60
PE,camana,-16.6228,-72.7111,1639872886,20.4,20.4,3.18,81,50
BR,bataipora,-22.2953,-53.2711,1639872886,24.52,24.52,2.55,85,48
HK,victoria,22.2855,114.1577,1639872626,16.81,14.98,0.45,53,100
AU,flinders,-34.5833,150.8552,1639872886,31.14,28.54,4.15,51,100
US,hurricane,37.1753,-113.2899,1639872887,6.95,1.89,0.46,43,40
RU,belaya gora,68.5333,146.4167,1639872887,-38.99,-38.99,0.64,100,99
MX,tamiahua,21.2667,-97.45,1639872887,24.32,24.32,4.01,88,86
RE,saint-philippe,-21.3585,55.7679,1639872887,23.77,21.17,0.75,81,41
VU,isangel,-19.55,169.2667,1639872887,25.93,25.93,6.88,87,91
NO,mehamn,71.0357,27.8492,1639872888,-0.2,-0.2,8.91,87,99
KZ,zyryanovsk,49.7386,84.2719,1639872888,-18.03,-18.03,0.92,98,81
BR,castro,-24.7911,-50.0119,1639872888,16.43,16.43,5.26,94,48
IT,lasa,46.6166,10.7002,1639872888,-1.47,-10.64,2.58,68,8
FO,klaksvik,62.2266,-6.589,1639872889,7.51,7.51,3.2,92,95
RU,chokurdakh,70.6333,147.9167,1639872889,-38.49,-38.49,1.39,100,95
GL,tasiilaq,65.6145,-37.6368,1639872889,0.09,0.09,12.68,93,100
PE,el alto,-4.2714,-81.2147,1639872889,18.81,18.81,4.75,77,89
JP,naze,28.3667,129.4833,1639872783,13.46,13.46,6.1,58,91
IS,olafsvik,64.8945,-23.7142,1639872890,7.06,7.06,8.2,96,100
US,palmer,42.1584,-72.3287,1639872890,2.49,-0.44,2.06,86,90
ZA,cape town,-33.9258,18.4232,1639872722,17.84,15.71,2.79,80,3
MG,farafangana,-22.8167,47.8333,1639872891,23.01,23.01,4.68,91,94
BR,sao joao da barra,-21.6403,-41.0511,1639872892,23.27,23.27,4.93,87,80
CA,stonewall,50.1344,-97.3268,1639872892,-17.94,-19.58,2.18,98,45
GL,paamiut,61.994,-49.6678,1639872892,-0.64,-0.64,3.23,84,99
MZ,manjacaze,-24.7117,33.8828,1639872893,18.1,18.1,1.91,74,99
BR,touros,-5.1989,-35.4608,1639872893,26.93,26.93,6.38,74,69
UA,orzhytsya,49.7918,32.7012,1639872893,-1.53,-1.53,5.08,90,99
MV,dhidhdhoo,6.8833,73.1,1639872893,27.31,27.31,2.62,74,96
RU,kirensk,57.7853,108.1119,1639872893,-23.2,-23.2,2.61,97,100
MM,akyab,20.15,92.9,1639872894,18.46,18.46,2.35,82,9
SO,odweyne,9.4092,45.064,1639872866,19.26,19.26,0.94,62,43
ID,galesong,-5.3166,119.3661,1639872894,25.01,25.01,2.04,77,92
AU,new norfolk,-42.7826,147.0587,1639872894,25.37,20.97,3.46,20,94
TR,erzin,36.9559,36.2,1639872895,9.4,8.29,3.46,78,95
AU,nelson bay,-32.7167,152.15,1639872895,33.03,30.94,5.03,67,79
CV,sao filipe,14.8961,-24.4956,1639872895,22.66,22.66,1.35,70,100
CL,talcahuano,-36.7167,-73.1167,1639872896,15.64,15.64,5.43,76,0
BO,trinidad,-14.8333,-64.9,1639872896,24.49,24.49,1.64,98,100
CL,lebu,-37.6167,-73.65,1639872896,14.02,14.02,7.27,88,0
RU,krasnoselkup,65.7,82.4667,1639872896,-42.26,-42.26,1.73,99,57
VN,da nang,16.0678,108.2208,1639872783,20.99,20.03,6.69,78,75
US,pacific grove,36.6177,-121.9166,1639872897,14.97,9.36,0.89,68,1
LY,mizdah,31.4451,12.9801,1639872897,8.87,8.87,5.06,82,33
ZA,hermanus,-34.4187,19.2345,1639872897,17.72,17.67,4.52,88,11
AU,mildura,-34.2,142.15,1639872818,22.26,22.26,7.83,60,100
TZ,mafinga,-7.25,35.0667,1639872898,21.81,21.81,0.94,77,91
GA,omboue,-1.5746,9.2618,1639872898,25.03,25.03,1.06,90,95
RU,bogovarovo,58.9785,47.0246,1639872898,-14.84,-14.84,0.67,99,98
UY,chuy,-33.6971,-53.4616,1639872899,18.37,18.37,4.98,76,0
KZ,merke,42.8728,73.1786,1639872899,8.29,8.29,3.5,21,99
RU,sivaki,52.6333,126.75,1639872899,-22.24,-22.24,1.91,96,100
GL,sisimiut,66.9395,-53.6735,1639872899,-4.2,-4.2,1.9,60,100
CI,soubre,5.7856,-6.6083,1639872899,23.95,23.95,1.15,88,67
NP,tikapur,28.5,81.1333,1639872602,7.93,7.93,1.42,63,0
US,la palma,33.8464,-118.0467,1639872900,21.97,14.31,1.34,44,1
MX,maneadero,31.7167,-116.5667,1639872900,17.33,16.72,0.45,51,0
US,hamilton,39.1834,-84.5333,1639872614,4.86,2.83,2.24,90,90
US,emporia,38.4039,-96.1817,1639872901,-2.49,-2.89,5.66,68,90
US,bud,39.447,-86.1758,1639872901,3.97,1.08,5.15,83,100
PG,lorengau,-2.0226,147.2712,1639872901,26.58,26.58,4.31,89,100
AR,san vicente,-26.6167,-54.1333,1639872901,23.9,23.9,1.18,65,67
SJ,longyearbyen,78.2186,15.6401,1639872901,-5.09,-5.09,2.06,86,0
LY,awjilah,29.1081,21.2869,1639872902,12.4,12.4,7.04,63,19
US,ketchikan,55.3422,-131.6461,1639872902,0.26,0.26,4.12,74,1
BR,cidreira,-30.1811,-50.2056,1639872902,21.26,21.26,8.42,73,74
MX,panaba,21.2833,-88.2667,1639872903,26.51,26.51,5.38,67,78
ZA,east london,-33.0153,27.9116,1639872903,17.95,17.95,8.47,75,34
PT,ponta delgada,37.7333,-25.6667,1639872903,14.72,14.4,9.26,82,75
AU,geraldton,-28.7667,114.6,1639872903,20.63,20.23,6.17,68,1
LV,ligatne,57.2343,25.0406,1639872904,5.14,5.14,2.24,91,100
GL,qaanaaq,77.484,-69.3632,1639872904,-15.23,-15.23,3.02,70,99
BR,caravelas,-17.7125,-39.2481,1639872904,24.54,24.54,3.89,89,100
CN,jiuquan,39.7432,98.5174,1639872859,-6.38,-6.38,0.82,32,0
MX,san quintin,30.4833,-115.95,1639872904,16.41,16.41,2.0,47,0
CL,constitucion,-35.3333,-72.4167,1639872905,15.14,15.14,5.77,78,8
SB,kirakira,-10.4544,161.9205,1639872905,27.48,27.48,4.01,84,98
US,san patricio,28.017,-97.5169,1639872905,16.92,13.43,8.43,72,100
HN,iralaya,15.0,-83.2333,1639872905,23.05,23.05,5.43,87,100
GA,port-gentil,-0.7193,8.7815,1639872906,26.75,26.75,1.98,80,82
NP,jumla,29.2747,82.1838,1639872906,-2.83,-2.83,2.48,31,0
IT,pachino,36.7186,15.0907,1639872906,5.02,5.02,9.39,52,4
BR,sao gabriel da cachoeira,-0.1303,-67.0892,1639872906,24.43,24.43,0.26,96,82
ID,bengkulu,-3.8004,102.2655,1639872640,24.86,24.86,3.32,86,100
RU,talnakh,69.4865,88.3972,1639872907,-34.52,-34.52,1.03,88,26
AU,kununurra,-15.7667,128.7333,1639872907,31.99,31.99,3.6,58,79
RU,provideniya,64.3833,-173.3,1639872907,-15.28,-15.28,6.11,93,100
MX,puerto escondido,15.85,-97.0667,1639872718,27.46,27.46,0.0,74,1
ID,meulaboh,4.1363,96.1285,1639872908,23.32,23.32,2.36,90,100
GR,kiria,41.1,24.2833,1639872908,4.15,0.92,2.75,55,4
RU,litovko,49.2361,135.1742,1639872908,-30.82,-30.82,0.21,98,24
CA,sioux lookout,50.1001,-91.917,1639872908,-13.79,-13.96,2.57,78,90
US,roma,43.2128,-75.4557,1639872722,3.96,-0.21,3.09,94,90
RU,dzhebariki-khaya,62.2167,135.8,1639872909,-41.24,-41.24,1.0,99,96
BO,santa cruz,-17.8,-63.1667,1639872909,23.7,23.7,1.03,88,90
BR,itarema,-2.9248,-39.9167,1639872909,27.28,27.28,7.47,78,99
RU,cherskiy,68.75,161.3,1639872910,-32.7,-32.7,1.44,96,100
AU,swan hill,-35.3378,143.5544,1639872910,23.14,23.14,9.18,57,100
AO,caconda,-13.7333,15.0667,1639872910,15.65,15.65,1.39,94,100
BR,itapaci,-14.9508,-49.5494,1639872911,22.31,22.31,0.82,91,91
BR,labrea,-7.2586,-64.7981,1639872911,24.69,24.69,0.57,96,97
RU,lavrentiya,65.5833,-171.0,1639872911,-18.01,-18.01,2.18,94,100
MV,kudahuvadhoo,2.6708,72.8944,1639872912,27.4,27.4,5.18,79,94
PG,kavieng,-2.5744,150.7967,1639872913,27.39,27.39,5.89,80,99
NZ,tuatapere,-46.1333,167.6833,1639872913,24.34,24.34,5.29,52,64
CA,iqaluit,63.7506,-68.5145,1639872773,-12.39,-12.39,11.18,84,100
RU,ust-nera,64.5667,143.2,1639872913,-41.09,-41.09,0.38,100,98
UZ,angren,41.0167,70.1436,1639872914,8.25,8.25,3.62,22,77
MZ,quelimane,-17.8786,36.8883,1639872914,22.42,22.42,2.56,90,62
BY,minsk,53.9,27.5667,1639872914,3.86,3.74,7.9,96,100
MR,nouadhibou,20.931,-17.0347,1639872915,18.19,18.19,3.19,72,100
IN,venkatagiri,13.9667,79.5833,1639872915,19.26,19.26,1.24,81,24
GW,bubaque,11.2833,-15.8333,1639872915,26.24,26.24,9.21,72,7
CA,tuktoyaktuk,69.4541,-133.0374,1639872915,-25.0,-25.0,3.6,77,90
SV,puerto el triunfo,13.2833,-88.55,1639872916,30.48,27.09,2.4,79,24
ES,puerto del rosario,28.5004,-13.8627,1639872916,14.86,13.82,2.57,72,0
MX,tecoanapa,16.5167,-98.75,1639872916,27.31,27.31,4.01,72,17
RU,srednekolymsk,67.45,153.6833,1639872916,-42.94,-42.94,2.02,100,84
MX,camargo,27.6667,-105.1667,1639872917,17.01,17.01,1.83,48,33
BB,bathsheba,13.2167,-59.5167,1639872918,26.34,26.34,9.77,73,20
RU,sovetskiy,61.3614,63.5842,1639872918,-17.61,-17.61,2.91,96,99
SE,ljungby,56.8332,13.9408,1639872918,5.44,2.87,4.29,89,17
BR,ponta pora,-22.5361,-55.7256,1639872918,24.18,24.18,2.41,76,67
AU,clarence town,-32.5833,151.7833,1639872919,34.63,30.31,1.11,42,95
PH,palauig,15.435,119.9045,1639872919,24.93,24.93,2.49,89,100
UY,rocha,-34.4833,-54.3333,1639872919,16.92,16.92,4.28,82,0
US,hoquiam,46.9809,-123.8893,1639872919,7.74,4.4,4.77,97,100
PE,hualmay,-11.0964,-77.6139,1639872920,20.05,20.05,3.84,83,13
ML,taoudenni,22.6783,-3.9836,1639872920,23.01,23.01,4.96,16,67
US,waverly,42.7392,-84.6208,1639872920,0.14,-1.36,2.06,86,90
US,saint george,37.1041,-113.5841,1639872921,11.26,2.96,1.34,37,1
RU,dikson,73.5069,80.5464,1639872921,-31.09,-31.09,3.9,95,88
MZ,cuamba,-14.8031,36.5372,1639872921,20.82,20.82,2.68,94,89
CA,norman wells,65.282,-126.8329,1639872921,-19.98,-19.98,2.57,77,90
IN,osmanabad,18.1667,76.05,1639872922,15.33,15.33,4.23,66,47
CO,mapiripan,2.8892,-72.1256,1639872922,25.97,25.97,1.84,72,98
AU,mareeba,-17.0,145.4333,1639872922,29.07,25.4,2.01,66,37
ML,kayes,14.0,-11.0,1639872922,28.03,28.03,2.71,17,6
US,arcata,40.8665,-124.0828,1639872923,11.21,9.3,0.45,77,90
IN,yanam,16.7333,82.2167,1639872923,18.02,18.02,1.62,77,2
IN,contai,21.7786,87.7536,1639872923,16.4,16.4,4.39,67,0
SR,totness,5.8833,-56.3167,1639872923,25.43,25.43,4.15,89,96
CN,yatou,37.15,122.3833,1639872923,-0.22,-0.22,3.93,53,1
US,asheville,35.6009,-82.554,1639872924,16.17,11.28,0.45,94,90
RU,zhigansk,66.7697,123.3711,1639872924,-40.26,-40.26,2.75,96,98
MU,souillac,-20.5167,57.5167,1639872924,22.98,22.98,1.41,79,54
FR,tourlaville,49.6383,-1.5664,1639872924,8.68,8.14,5.66,100,90
RU,ishim,56.1128,69.4902,1639872925,-9.57,-9.57,3.94,96,100
TR,trabzon,40.9167,39.8333,1639872925,5.05,5.05,5.14,87,75
RU,zheleznogorsk,52.331,35.3711,1639872925,-2.12,-2.12,6.85,89,100
CL,buin,-33.7333,-70.75,1639872925,27.15,14.28,2.57,45,0
US,escanaba,45.7453,-87.0646,1639872926,-2.83,-6.53,3.09,83,20
MX,frontera,26.9333,-101.45,1639872926,21.86,19.62,10.29,49,40
RU,yerofey pavlovich,53.9667,121.9667,1639872926,-27.36,-27.36,0.58,99,80
CA,smithers,54.7804,-127.1743,1639872926,-14.82,-14.82,1.54,92,20
BJ,porto novo,6.4965,2.6036,1639872927,25.9,25.9,1.66,74,17
MG,beloha,-25.1667,45.05,1639872927,19.78,19.78,4.53,76,97
NO,vardo,70.3705,31.1107,1639872927,-1.01,-1.01,10.29,80,75
CA,saint-augustin,51.226,-58.6502,1639872927,-8.44,-8.44,11.53,68,99
RU,pevek,69.7008,170.3133,1639872928,-27.25,-27.25,0.35,94,100
ID,soe,-9.8607,124.284,1639872928,25.0,25.0,1.13,70,86
NZ,ngunguru,-35.6167,174.5,1639872928,25.09,25.09,2.54,57,0
PT,porto santo,33.072,-16.3415,1639872928,19.06,18.21,8.75,68,20
BR,braco do norte,-28.275,-49.1656,1639872929,19.02,19.02,0.61,94,100
AF,farah,32.5,62.5,1639872929,6.95,6.95,0.67,13,78
AU,broken hill,-31.95,141.4333,1639872930,32.0,32.0,13.29,27,100
PF,tiarei,-17.5333,-149.3333,1639872930,26.01,25.56,4.39,73,36
HR,gospic,44.5461,15.3747,1639872930,-4.17,-4.17,1.8,85,11
PT,lata,40.1629,-8.3327,1639872930,11.01,6.15,2.82,76,9
US,marinette,45.1,-87.6307,1639872930,-1.73,-3.97,1.54,86,90
IR,sonqor,34.7837,47.6004,1639872867,3.64,3.64,1.56,88,87
AR,san juan,-31.5375,-68.5364,1639872931,32.57,32.57,3.05,27,2
IN,jaisalmer,26.9147,70.9181,1639872931,12.52,12.52,2.9,16,0
AR,buenos aires,-34.6132,-58.3772,1639872932,25.01,22.94,8.23,77,0
JP,izumo,35.3667,132.7667,1639872817,7.15,7.15,9.89,62,100
UZ,nurota,40.5614,65.6886,1639872932,11.05,11.05,11.6,10,99
IS,hofn,64.2539,-15.2082,1639872932,4.43,4.43,4.44,88,100
BR,coari,-4.085,-63.1414,1639872932,24.67,24.67,1.05,94,97
US,bethel,41.3712,-73.414,1639872933,7.32,0.27,2.06,93,90
RU,orlik,52.5178,99.825,1639872933,-10.72,-10.72,5.08,86,97
CA,shelburne,44.0787,-80.2041,1639872934,-4.37,-6.5,3.35,94,100
RU,severo-kurilsk,50.6789,156.125,1639872934,-2.4,-2.4,3.03,71,100
SA,riyadh,24.6877,46.7219,1639872867,17.08,17.08,5.09,38,100
AU,yulara,-25.2406,130.9889,1639872935,33.91,33.91,7.72,15,63
MG,sambava,-14.2667,50.1667,1639872935,24.04,24.04,1.91,91,16
CO,puerto narino,-3.7703,-70.3831,1639872935,25.97,25.97,0.87,96,79
US,portland,45.5234,-122.6762,1639872733,12.46,7.35,1.79,89,90
SD,kutum,14.2,24.6667,1639872935,12.78,12.78,2.88,36,6
AU,esperance,-33.8667,121.9,1639872901,17.62,17.62,5.34,54,53
CD,manono,-7.3,27.4167,1639872936,20.75,20.75,1.0,87,100
IE,skibbereen,51.55,-9.2667,1639872936,8.89,8.89,6.87,82,100
MX,seybaplaya,19.65,-90.6667,1639872936,28.7,28.7,3.3,72,56
RU,evensk,61.95,159.2333,1639872937,-23.69,-23.69,3.83,78,100
SD,umm kaddadah,13.6017,26.6876,1639872937,14.98,14.98,5.91,31,1
VU,sola,-13.8833,167.55,1639872937,31.37,31.37,2.06,66,20
PL,marienburg,54.0359,19.0266,1639872937,6.64,3.83,6.11,86,98
RU,klichka,50.4457,117.996,1639872937,-22.78,-22.78,1.71,100,90
PF,tautira,-17.7333,-149.15,1639872938,26.01,25.56,4.53,74,47
NZ,nelson,-41.2833,173.2833,1639872938,28.22,28.02,3.09,45,23
BO,san borja,-14.8167,-66.85,1639872938,25.8,25.8,1.45,85,84
US,del rio,29.3627,-100.8968,1639872938,17.06,13.78,3.6,37,1
US,havelock,34.8791,-76.9013,1639872939,20.0,17.74,1.79,93,1
RU,baykit,61.67,96.37,1639872939,-37.2,-37.2,1.22,97,23
AR,viedma,-40.8135,-62.9967,1639872939,25.4,25.4,10.16,52,56
PH,santa rosa,14.3122,121.1114,1639872752,23.38,22.84,3.58,95,99
RU,kungurtug,50.5994,97.5228,1639872940,-12.96,-12.96,0.85,90,100
AU,port hedland,-20.3167,118.5667,1639872940,38.03,38.03,5.66,13,34
CA,prince rupert,54.3161,-130.3201,1639872940,2.83,0.05,0.0,89,1
US,broome,42.2506,-75.833,1639872940,4.91,2.21,1.34,80,90
GL,ilulissat,69.2167,-51.1,1639872941,4.01,4.01,9.26,41,98
RU,berdigestyakh,62.0989,126.6992,1639872941,-37.01,-37.01,1.41,99,96
AO,namibe,-15.1961,12.1522,1639872942,20.36,20.36,3.29,72,28
BR,prainha,-1.8,-53.48,1639872943,25.5,25.5,1.01,84,100
JP,furano,43.2818,142.4743,1639872943,-10.28,-10.28,0.71,92,100
RU,chumikan,54.7183,135.315,1639872944,-27.79,-27.79,8.11,89,15
CI,bouna,9.2667,-3.0,1639872944,23.8,23.8,2.71,18,11
ML,goundam,16.4145,-3.6708,1639872944,22.58,22.58,4.7,16,5
NZ,te anau,-45.4167,167.7167,1639872945,15.98,15.98,4.82,75,100
RU,shebunino,46.4339,141.8603,1639872945,-7.26,-7.26,6.07,74,100
US,cape canaveral,28.4058,-80.6048,1639872945,25.14,22.81,4.12,87,1
RU,sangar,63.9242,127.4739,1639872945,-39.34,-39.34,0.59,99,100
RU,yar-sale,66.8333,70.8333,1639872946,-34.33,-34.33,1.99,99,58
RU,sheltozero,61.3667,35.3667,1639872946,-4.29,-4.29,4.97,93,100
PE,pimentel,-6.8367,-79.9342,1639872946,19.77,19.77,5.77,83,79
MA,tiznit,29.5833,-9.5,1639872947,16.02,16.02,4.89,40,16
DK,holme,56.1138,10.1725,1639872947,7.58,6.08,12.5,85,4
PE,pisco,-13.7,-76.2167,1639872948,20.03,18.9,7.2,77,0
RU,khatanga,71.9667,102.5,1639872948,-29.59,-29.59,1.28,96,100
MX,irimbo,19.7,-100.4792,1639872948,17.73,17.73,1.84,68,75
UZ,romitan,39.9343,64.3814,1639872948,7.97,7.97,3.09,39,40
IN,tura,25.5198,90.2201,1639872949,13.31,13.31,1.22,71,0
ID,merauke,-8.4667,140.3333,1639872949,27.58,27.58,1.77,76,78
IN,vengurla,15.8667,73.6333,1639872949,20.53,20.53,3.39,45,46
LK,weligama,5.9667,80.4167,1639872949,23.71,23.71,2.35,92,94
CL,antofagasta,-23.65,-70.4,1639872941,17.46,17.46,2.43,82,84
AU,taree,-31.9,152.4667,1639872950,35.59,29.96,2.57,58,48
US,mount pleasant,32.7941,-79.8626,1639872950,20.1,16.99,0.0,93,1
MX,celestun,20.8667,-90.4,1639872950,26.33,26.33,4.86,79,31
ID,manggar,-2.8833,108.2667,1639872951,25.94,25.94,2.47,84,100
BG,bansko,41.8383,23.4885,1639872951,-8.6,-8.6,1.84,89,22
RU,beringovskiy,63.05,179.3167,1639872951,-0.94,-0.94,12.62,97,100
RE,saint-pierre,-21.3393,55.4781,1639872952,22.82,21.21,3.09,70,0
TD,bokoro,12.3807,17.0568,1639872952,19.88,19.88,5.12,27,43
RU,kamenka,51.3223,42.7678,1639872953,-2.92,-2.92,3.2,96,99
US,lompoc,34.6391,-120.4579,1639872953,19.08,11.91,4.12,65,1
CA,clyde river,70.4692,-68.5914,1639872953,-15.87,-15.87,6.69,85,100
VN,yen bai,21.7,104.8667,1639872708,14.32,14.32,0.45,69,66
IN,kavaratti,10.5669,72.642,1639872953,27.6,27.6,5.26,69,42
ZA,richards bay,-28.783,32.0377,1639872954,16.67,16.67,2.28,77,100
BO,boyuibe,-20.4167,-63.2833,1639872954,24.98,24.98,1.07,43,100
KR,kijang,35.2442,129.2139,1639872954,2.85,2.85,4.5,64,6
NO,oksfjord,70.2396,22.3479,1639872954,1.51,-1.67,1.84,97,100
AI,the valley,18.217,-63.0578,1639872955,26.01,25.08,4.12,78,20
FI,iisalmi,63.5592,27.1907,1639872955,0.01,0.01,3.42,94,80
GL,narsaq,60.9167,-46.05,1639872955,8.12,8.12,3.08,75,100
MU,quatre cocos,-20.2078,57.7625,1639872955,22.83,22.83,0.46,77,45
TZ,micheweni,-4.9667,39.8333,1639872883,26.76,26.76,2.04,79,8
AU,port macquarie,-31.4333,152.9167,1639872703,29.98,29.38,7.69,68,48
AU,victor harbor,-35.5667,138.6167,1639872956,21.93,19.44,2.24,68,67
RU,petropavlovsk-kamchatskiy,53.0452,158.6483,1639872957,-15.67,-15.67,3.0,61,0
AO,luanda,-8.8368,13.2343,1639872957,25.0,25.0,3.09,94,75
US,daphne,30.6035,-87.9036,1639872957,23.27,19.03,2.57,75,90
PK,sann,26.0418,68.1378,1639872957,5.95,5.95,1.15,18,26
BR,amapa,1.0,-52.0,1639872958,25.14,25.14,1.78,78,98
PG,vanimo,-2.6741,141.3028,1639872958,29.43,29.43,1.21,67,88
BY,horki,54.2861,30.9842,1639872958,1.61,1.61,7.16,99,100
RU,leshukonskoye,64.8989,45.7622,1639872958,-17.98,-17.98,2.25,98,99
GL,nanortalik,60.1432,-45.2371,1639872958,2.09,2.09,12.48,96,100
GB,oban,56.4127,-5.4706,1639872959,5.87,5.87,0.77,80,88
US,eureka,40.8021,-124.1637,1639872959,11.21,9.3,3.14,78,100
JP,kurayoshi,35.4333,133.8167,1639872959,5.95,4.9,5.85,83,83
NO,setermoen,68.861,18.3486,1639872960,3.02,0.98,2.64,98,100
IN,radhanpur,23.8333,71.6,1639872960,13.26,13.26,3.16,29,0
RU,aksha,50.2814,113.2867,1639872960,-13.62,-13.62,2.61,85,45
NE,ayorou,14.7308,0.9174,1639872960,20.73,20.73,4.94,17,25
CL,coihaique,-45.5752,-72.0662,1639872961,18.97,18.34,3.6,55,20
RU,okhotsk,59.3833,143.3,1639872961,-20.61,-20.61,5.75,98,99
KG,karakol,42.4907,78.3936,1639872961,-6.89,-6.89,2.69,57,66
US,nantucket,41.2835,-70.0995,1639872961,7.2,4.42,3.6,88,90
FO,vestmanna,62.1564,-7.1664,1639872962,6.51,6.51,2.06,100,90
CA,iroquois falls,48.7669,-80.6831,1639872962,-13.92,-13.92,1.78,94,99
ID,payo,-3.7508,103.6372,1639872962,23.64,23.64,0.75,94,100
NZ,kaeo,-35.1,173.7833,1639872962,25.18,25.18,2.96,56,0
CA,fort frances,48.5999,-93.4003,1639872963,-12.88,-13.86,2.57,76,90
EG,matay,28.419,30.7792,1639872915,10.82,10.82,3.35,61,1
RU,chagoda,59.164,35.3285,1639872963,-2.32,-2.32,1.45,98,100
RU,idritsa,56.3316,28.8988,1639872963,4.3,4.3,6.92,96,100
RU,verkhoturye,58.8627,60.8054,1639872964,-10.21,-10.21,2.39,95,100
US,westport,41.1415,-73.3579,1639872964,9.33,2.04,4.12,98,90
YT,bandrele,-12.9067,45.1914,1639872964,24.86,24.86,1.54,88,0
ID,boyolangu,-8.1181,111.8935,1639872964,26.13,26.13,0.59,87,100
IR,kashan,33.9831,51.4364,1639872883,7.66,7.66,0.49,55,51
VN,cam ranh,11.9214,109.1591,1639872965,22.98,22.98,7.72,73,75
ID,tual,-5.6667,132.75,1639872965,29.23,29.23,1.39,68,100
SA,faya,18.3851,42.4509,1639872965,13.29,13.06,1.74,58,17
MU,grand gaube,-20.0064,57.6608,1639872966,22.99,22.99,0.7,82,11
US,saint marys,30.7305,-81.5465,1639872967,23.06,20.01,4.63,92,1
SN,dakar,14.6937,-17.4441,1639872967,24.07,23.49,10.8,78,0
YE,lahij,13.1667,44.5833,1639872967,20.99,20.99,2.91,78,67
US,ironton,38.5368,-82.6829,1639872967,15.08,7.56,4.63,97,90
US,kalispell,48.1958,-114.3129,1639872968,-1.65,-6.84,0.0,88,90
US,juneau,58.3019,-134.4197,1639872968,-1.55,-8.97,0.0,91,75
PE,papayal,-4.0761,-80.7361,1639872968,24.11,24.11,1.76,75,100
CN,zhuhai,22.2769,113.5678,1639872968,16.66,13.84,9.26,55,20
CA,port-cartier,50.0334,-66.8654,1639872969,-9.58,-13.88,3.3,86,16
US,watertown,42.3709,-71.1828,1639872969,4.08,-0.75,0.89,92,90
MV,hithadhoo,-0.6,73.0833,1639872969,27.66,27.66,1.34,73,100
VE,san cristobal,7.7669,-72.225,1639872969,21.1,21.1,0.94,91,95
RU,proletarsk,46.7031,41.7192,1639872970,0.21,0.21,5.2,77,100
MU,cap malheureux,-19.9842,57.6142,1639872970,23.04,23.04,0.72,82,9
NO,snasa,64.2457,12.3778,1639872970,1.51,1.51,4.85,98,100
BR,senador pompeu,-5.5881,-39.3717,1639872970,28.37,28.37,4.79,61,100
IR,bushehr,28.9684,50.8385,1639872882,22.77,22.77,6.94,71,100
SB,honiara,-9.4333,159.95,1639872971,28.47,28.47,0.43,78,98
MG,ambilobe,-13.2,49.05,1639872971,24.52,24.52,0.41,89,50
BR,sao jose da coroa grande,-8.8978,-35.1478,1639872971,26.08,26.08,4.54,78,39
ID,sorong,-0.8833,131.25,1639872972,28.32,28.32,2.62,78,62
MM,dawei,14.0833,98.2,1639872972,23.05,23.05,4.84,62,65
RU,leningradskiy,69.3833,178.4167,1639872972,-28.96,-28.96,3.44,96,99
IN,nagar,27.4333,77.1,1639872972,6.86,6.86,2.54,22,0
RU,mirnyy,62.5353,113.9611,1639872973,-41.21,-41.21,1.44,100,97
CN,jiaohe,43.7286,127.3447,1639872973,-15.89,-15.89,1.59,96,83
PT,lagoa,39.05,-27.9833,1639872973,15.16,15.16,11.12,87,100
BO,urubicha,-15.3833,-62.95,1639872973,24.14,24.14,1.32,87,95
BR,bonito,-21.1211,-56.4819,1639872974,24.64,24.64,1.4,90,99
CN,wuwei,37.9281,102.6414,1639872974,-5.49,-5.49,2.01,47,81
IT,policoro,40.2115,16.6726,1639872974,7.72,5.15,5.91,69,31
EC,puerto baquerizo moreno,-0.9,-89.6,1639872974,20.73,20.73,4.53,89,79
AR,necochea,-38.5473,-58.7368,1639872975,25.58,25.58,8.16,35,76
IT,forio,40.7342,13.8646,1639872975,9.9,4.72,5.21,54,2
GB,brae,60.3964,-1.353,1639872975,8.95,8.95,7.06,75,100
US,salinas,36.6777,-121.6555,1639872976,15.16,9.67,3.6,62,1
TR,kastamonu,41.5,33.6667,1639872976,-3.2,-3.2,0.97,98,99
RU,troitsko-pechorsk,62.7084,56.1964,1639872977,-18.09,-18.09,2.89,97,100
RU,bikin,46.8161,134.26,1639872977,-23.43,-23.43,1.59,99,78
CN,liuzhou,24.3126,109.3892,1639872961,7.63,7.63,2.83,53,1
PE,huarmey,-10.0681,-78.1522,1639872978,20.29,20.29,3.8,84,55
GR,karpathos,35.507,27.2132,1639872978,9.98,9.98,9.77,81,76
AU,ulladulla,-35.35,150.4667,1639872979,31.04,29.32,3.8,45,100
US,cortez,37.3489,-108.5859,1639872979,-1.58,-2.49,1.54,62,1
TD,beinamar,8.6698,15.3813,1639872979,21.24,21.24,2.21,32,24
PH,san policarpo,12.1791,125.5072,1639872879,27.28,27.28,4.46,84,80
CN,erdaojiang,41.7764,126.0319,1639872840,-15.08,-15.08,1.02,85,77
BB,oistins,13.0667,-59.5333,1639872980,26.05,26.05,9.77,73,20
MA,fez,34.0372,-4.9998,1639872980,9.06,6.14,2.57,75,0
ZA,allanridge,-27.7543,26.6438,1639872980,13.67,13.67,2.85,95,100
CN,wangqing,43.3218,129.7634,1639872980,-11.87,-11.87,4.19,75,41
GB,margate,51.3813,1.3862,1639872981,7.84,4.92,0.45,96,100
IQ,baghdad,33.3406,44.4009,1639872981,9.95,9.95,2.06,71,0
RU,anadyr,64.75,177.4833,1639872981,-10.72,-11.11,24.59,92,90
CN,youhao,47.8667,128.8333,1639872981,-21.3,-21.3,1.07,96,93
GR,platanos,37.6667,21.6167,1639872981,7.38,4.76,2.74,74,6
AR,san rafael,-34.6177,-68.3301,1639872982,27.14,27.14,7.51,45,50
CN,yishui,35.7847,118.6281,1639872739,-0.74,-0.74,1.79,45,0
AU,byron bay,-28.65,153.6167,1639872705,28.26,26.97,5.58,55,75
PE,yauya,-8.9833,-77.3,1639872983,13.82,13.82,1.18,66,88
ID,kroya,-7.6331,109.2461,1639872983,30.11,30.11,1.19,86,100
IS,vestmannaeyjar,63.4427,-20.2734,1639872983,7.8,7.8,11.08,89,100
CI,tabou,4.423,-7.3528,1639872984,26.93,26.93,3.77,82,38
BR,santarem,-2.4431,-54.7083,1639872984,27.07,27.07,2.57,94,75
PE,ayna,-12.65,-73.9167,1639872984,17.43,17.43,0.6,90,71
IL,gat,31.61,34.7642,1639872984,13.55,11.01,5.0,25,3
RU,ostrovnoy,68.0531,39.5131,1639872985,-8.06,-8.06,8.02,88,100
UA,horodnya,51.8909,31.5974,1639872985,0.67,0.67,6.99,96,100
VN,dong xoai,11.5333,106.9167,1639872743,23.82,23.82,4.22,68,98
US,ewa beach,21.3156,-158.0072,1639872985,28.97,24.97,6.71,55,40
RU,klyuchi,52.2667,79.1667,1639872986,-7.26,-7.26,3.51,95,100
GF,sinnamary,5.3833,-52.95,1639872986,25.55,25.55,3.33,88,38
JP,nobeoka,32.5833,131.6667,1639872986,4.31,4.31,1.55,65,18
LY,yafran,32.0633,12.5286,1639872986,7.49,7.49,4.21,89,62
RU,palana,59.1167,159.9667,1639872986,-17.72,-17.72,2.51,95,100
SY,yabrud,33.9674,36.6574,1639872987,-0.19,-0.19,8.0,89,97
RU,urengoy,65.9667,78.3667,1639872987,-42.12,-42.12,1.08,100,63
RU,dzhubga,44.3211,38.7039,1639872988,3.56,3.56,2.89,74,100
MZ,pemba,-12.974,40.5178,1639872988,24.88,24.88,1.62,86,67
GL,nuuk,64.1835,-51.7216,1639872989,-0.66,-0.66,0.51,59,75
SA,najran,17.4924,44.1277,1639872867,14.58,14.58,1.07,34,13
CA,inuvik,68.3499,-133.7218,1639872989,-19.52,-24.98,3.09,77,75
TO,neiafu,-18.65,-173.9833,1639872989,30.38,30.38,3.6,74,40
CN,lianzhou,24.7811,112.3825,1639872990,5.94,5.94,1.44,50,1
BR,mazagao,-0.115,-51.2894,1639872990,29.03,29.03,3.01,81,95
LR,buchanan,5.8808,-10.0467,1639872936,24.98,24.98,2.6,84,37
CD,mangai,-4.05,19.5333,1639872990,21.18,21.18,0.64,95,82
ID,luwuk,-0.9516,122.7875,1639872990,28.77,28.77,0.49,72,91
GB,liverpool,53.4106,-2.9779,1639872938,5.42,3.21,1.79,96,90
SB,auki,-8.7676,160.7034,1639872991,28.41,28.41,1.01,74,97
KZ,shetpe,44.1667,52.1167,1639872991,3.51,3.51,1.57,89,100
JP,katsuura,35.1333,140.3,1639872845,8.99,3.02,6.0,61,86
KM,moroni,-11.7022,43.2551,1639872992,25.77,25.77,2.05,75,50
LR,monrovia,6.3005,-10.7969,1639872992,24.87,24.87,2.65,84,5
US,nome,64.5011,-165.4064,1639872966,-8.96,-8.96,3.09,86,90
CD,buta,2.7858,24.73,1639872992,23.43,23.43,0.75,73,88
RU,udimskiy,61.1417,45.9144,1639872993,-15.04,-15.04,1.7,97,100
BR,balsas,-7.5325,-46.0356,1639872780,24.82,24.82,1.99,85,100
US,sierra vista,31.5545,-110.3037,1639872844,13.44,8.9,1.79,40,75
CL,taltal,-25.4,-70.4833,1639872993,19.41,19.41,2.26,76,100
US,magnolia,33.2671,-93.2393,1639872994,10.82,7.63,4.66,79,100
TC,cockburn town,21.4612,-71.1419,1639872994,26.6,26.6,10.39,68,31
BR,candido mendes,-1.4467,-45.7167,1639872995,24.81,24.81,1.79,93,78
CL,coquimbo,-29.9533,-71.3436,1639872995,17.34,17.34,2.28,79,7
CA,the pas,53.8251,-101.2541,1639872995,-21.99,-21.99,5.66,84,75
CN,korla,41.7597,86.1469,1639872996,-7.05,-7.05,1.6,64,1
NO,rognan,67.0953,15.3878,1639872996,4.08,3.2,8.88,91,100
CF,obo,5.3998,26.4869,1639872903,23.29,23.29,2.09,36,84
GF,cayenne,4.9333,-52.3333,1639872996,27.27,26.02,1.34,84,40
RU,imeni poliny osipenko,52.4201,136.4853,1639872997,-34.92,-34.92,1.33,100,83
IT,siderno,38.2779,16.302,1639872997,11.58,8.94,4.6,66,3
KZ,zhezkazgan,47.8043,67.7144,1639872997,-8.01,-8.01,3.0,93,75
RU,deputatskiy,69.3,139.9,1639872997,-32.33,-32.33,0.86,99,100
ID,ruteng,-8.6136,120.4721,1639872998,21.37,21.37,0.16,79,100
FR,biarritz,43.4801,-1.5556,1639872998,9.25,-0.15,2.57,93,0
FI,huittinen,61.1833,22.7,1639872998,1.51,0.79,5.19,83,50
US,kahului,20.8947,-156.47,1639872998,28.01,24.82,9.26,67,20
RU,zelenogorskiy,55.0333,87.0,1639872999,-7.71,-7.71,1.19,98,100
JP,shingu,33.7333,135.9833,1639872727,6.27,6.27,4.45,56,5
US,hibbing,47.4272,-92.9377,1639872999,-12.22,-13.57,1.54,49,90
BO,villazon,-22.0866,-65.5942,1639872999,14.19,14.19,6.13,53,47
IS,akureyri,65.6835,-18.0878,1639873000,0.96,0.96,1.54,100,90
AE,abu dhabi,24.4667,54.3667,1639872910,20.01,19.06,2.06,68,0
GR,lithakia,37.7167,20.8333,1639873000,6.44,5.65,9.72,55,39
AF,herat,34.5,62.0,1639873001,9.13,9.13,1.83,22,100
BR,santa maria,-29.6842,-53.8069,1639873001,21.61,21.61,6.17,78,20
RU,aksarka,66.5606,67.7975,1639873002,-38.6,-38.6,1.11,100,48
PH,ligayan,4.6533,119.4706,1639873002,27.3,27.3,0.39,77,89
AR,santa fe,-31.6333,-60.7,1639873002,30.56,29.43,0.89,40,0
PE,chivay,-15.6383,-71.6011,1639873002,9.94,9.94,3.71,54,99
ZW,beitbridge,-22.2167,30.0,1639873003,17.28,17.28,3.35,77,100
PE,lagunas,-5.2269,-75.6753,1639873003,26.57,26.57,1.25,74,97
US,santa ana,33.7456,-117.8678,1639873003,21.82,14.25,0.45,44,20
AR,tucuman,-26.8241,-65.2226,1639873003,26.0,26.0,1.03,78,0
AR,catamarca,-28.4696,-65.7852,1639873004,28.91,27.02,7.59,45,95
TR,ankara,39.9199,32.8543,1639872914,1.78,0.75,3.09,84,90
PH,canjulao,9.6605,124.3532,1639873004,26.86,26.86,4.4,85,99
ET,yabelo,4.8833,38.0833,1639873004,14.75,14.75,2.87,82,100
BW,tsabong,-26.0217,22.401,1639873005,18.18,18.18,7.17,73,48
CA,flin flon,54.7682,-101.865,1639873005,-22.09,-22.09,2.57,77,90
CA,pangnirtung,66.1451,-65.7125,1639873005,-4.22,-4.22,5.57,76,100
RU,teya,60.3778,92.6267,1639873006,-35.83,-35.83,1.26,99,55
ZM,petauke,-14.2426,31.3253,1639873006,18.83,18.83,2.95,93,100
NC,moindou,-21.6924,165.677,1639873006,29.97,29.97,4.37,59,2
US,glendive,47.1053,-104.7125,1639873006,-7.65,-12.21,2.57,78,90
BR,pocone,-16.2567,-56.6228,1639873006,24.41,24.41,2.11,93,100
RU,aykhal,66.0,111.5,1639873007,-33.85,-33.85,3.36,99,100
RU,gorokhovets,56.1947,42.7003,1639873007,-6.07,-6.07,2.43,97,97
MG,vangaindrano,-23.35,47.6,1639873007,22.45,22.45,4.85,89,96
KG,tyup,42.7276,78.3648,1639873007,-7.26,-7.26,1.76,70,79
IT,brindisi,40.5833,17.6667,1639873008,8.2,4.52,6.86,53,7
MX,acapulco,16.8634,-99.8901,1639873008,27.9,27.9,2.06,78,20
CF,bouar,5.934,15.596,1639873008,18.93,18.93,2.37,36,80
NE,arlit,18.7369,7.3853,1639873008,15.51,15.51,3.17,23,16
ID,pangkalanbuun,-2.6833,111.6167,1639873009,25.14,25.14,0.79,90,87
MG,antsohihy,-14.8796,47.9875,1639873009,23.98,23.98,1.06,94,92
IN,mormugao,15.4,73.8,1639873009,20.59,20.59,2.06,60,20
RU,kapustin yar,48.5831,45.7372,1639873009,1.12,1.12,6.08,85,100
MX,lazaro cardenas,17.9583,-102.2,1639873010,26.82,26.82,3.27,70,15
PH,pandan,14.0453,124.1694,1639873010,26.98,26.98,5.72,86,100
BR,trairi,-3.2778,-39.2689,1639873010,27.34,27.34,5.93,76,82
PK,keti bandar,24.1447,67.4497,1639873010,16.7,16.7,4.4,21,50
LY,surt,31.2089,16.5887,1639873011,14.19,14.19,7.56,68,63
MK,struga,41.1781,20.6761,1639873011,-5.46,-5.46,3.01,88,11
CA,lac du bonnet,50.2536,-96.0612,1639873011,-17.73,-17.73,1.17,97,80
NC,touho,-20.7833,165.2333,1639873011,26.27,26.27,7.85,68,39
